{"version": "1", "message": "ERROR: Hidden Testcases server unreachable.", "problem_id": "ads2_m6_a1_1", "user_id": "BhavaniChoudary", "score": {"sample": {"0": {"execution_time": 0.26759767532348633, "passed": false}, "1": {"execution_time": 0.18650007247924805, "passed": false}, "2": {"execution_time": 0.2481226921081543, "passed": false}, "3": {"execution_time": 0.21648454666137695, "passed": false}, "4": {"execution_time": 0.21841120719909668, "passed": false}, "5": {"execution_time": 0.22107315063476562, "passed": false}, "6": {"execution_time": 0.19398283958435059, "passed": false}, "7": {"execution_time": 0.21552515029907227, "passed": false}, "8": {"execution_time": 0.22084999084472656, "passed": false}, "9": {"execution_time": 0.27733731269836426, "passed": false}, "10": {"execution_time": 0.2241992950439453, "passed": false}, "11": {"execution_time": 0.21244430541992188, "passed": false}}}, "check_style_score": "0/1"}