{"version": "1", "message": "ERROR: Hidden Testcases server unreachable.", "problem_id": "ads2_m6_a1_1", "user_id": "BhavaniChoudary", "score": {"sample": {"0": {"execution_time": 0.17690610885620117, "passed": false}, "1": {"execution_time": 0.22623276710510254, "passed": false}, "2": {"execution_time": 0.19342374801635742, "passed": false}, "3": {"execution_time": 0.24218988418579102, "passed": false}, "4": {"execution_time": 0.213484525680542, "passed": false}, "5": {"execution_time": 0.18689393997192383, "passed": false}, "6": {"execution_time": 0.20844197273254395, "passed": false}, "7": {"execution_time": 0.21348881721496582, "passed": false}, "8": {"execution_time": 0.3863952159881592, "passed": false}, "9": {"execution_time": 0.19248461723327637, "passed": false}, "10": {"execution_time": 0.19846868515014648, "passed": false}, "11": {"execution_time": 0.19946527481079102, "passed": false}}}, "check_style_score": "0/1"}