{"version": "1", "message": "ERROR: Hidden Testcases server unreachable.", "problem_id": "ads2_m6_a1_1", "user_id": "BhavaniChoudary", "score": {"sample": {"0": {"execution_time": 0.17437362670898438, "passed": false}, "1": {"execution_time": 0.16923093795776367, "passed": false}, "2": {"execution_time": 0.19341039657592773, "passed": false}, "3": {"execution_time": 0.19942998886108398, "passed": false}, "4": {"execution_time": 0.22307920455932617, "passed": false}, "5": {"execution_time": 0.3619964122772217, "passed": false}, "6": {"execution_time": 0.1845695972442627, "passed": false}, "7": {"execution_time": 0.23549509048461914, "passed": false}, "8": {"execution_time": 0.2344374656677246, "passed": false}, "9": {"execution_time": 0.4557797908782959, "passed": false}, "10": {"execution_time": 0.36602163314819336, "passed": false}, "11": {"execution_time": 0.20916152000427246, "passed": false}}}, "check_style_score": "0/1"}