{"version": "1", "message": "ERROR: Hidden Testcases server unreachable.", "problem_id": "ads2_m6_a1_1", "user_id": "BhavaniChoudary", "score": {"sample": {"0": {"execution_time": 0.18500852584838867, "passed": false}, "1": {"execution_time": 0.23831963539123535, "passed": false}, "2": {"execution_time": 0.20675206184387207, "passed": false}, "3": {"execution_time": 0.19718098640441895, "passed": false}, "4": {"execution_time": 0.20959162712097168, "passed": false}, "5": {"execution_time": 0.21143460273742676, "passed": false}, "6": {"execution_time": 0.17251896858215332, "passed": false}, "7": {"execution_time": 0.2116255760192871, "passed": false}, "8": {"execution_time": 0.21352553367614746, "passed": false}, "9": {"execution_time": 0.17590951919555664, "passed": false}, "10": {"execution_time": 0.22340154647827148, "passed": false}, "11": {"execution_time": 0.22064733505249023, "passed": false}}}, "check_style_score": "0/1"}