{"version": "1", "message": "ERROR: Hidden Testcases server unreachable.", "problem_id": "ads2_m6_a1_1", "user_id": "BhavaniChoudary", "score": {"sample": {"0": {"execution_time": 0.1765279769897461, "passed": false}, "1": {"execution_time": 0.22378301620483398, "passed": false}, "2": {"execution_time": 0.1882154941558838, "passed": false}, "3": {"execution_time": 0.2643296718597412, "passed": false}, "4": {"execution_time": 0.18205666542053223, "passed": false}, "5": {"execution_time": 0.1975843906402588, "passed": false}, "6": {"execution_time": 0.19550776481628418, "passed": false}, "7": {"execution_time": 0.19747257232666016, "passed": false}, "8": {"execution_time": 0.2281036376953125, "passed": false}, "9": {"execution_time": 0.3945295810699463, "passed": false}, "10": {"execution_time": 0.1955413818359375, "passed": false}, "11": {"execution_time": 0.20648932456970215, "passed": false}}}, "check_style_score": "0/1"}