{"version": "1", "message": "ERROR: Hidden Testcases server unreachable.", "problem_id": "ads2_m6_a1_1", "user_id": "BhavaniChoudary", "score": {"sample": {"0": {"execution_time": 0.21958661079406738, "passed": false}, "1": {"execution_time": 0.22463011741638184, "passed": false}, "2": {"execution_time": 0.20232582092285156, "passed": false}, "3": {"execution_time": 0.23729848861694336, "passed": false}, "4": {"execution_time": 0.18405413627624512, "passed": false}, "5": {"execution_time": 0.20094037055969238, "passed": false}, "6": {"execution_time": 0.19197726249694824, "passed": false}, "7": {"execution_time": 0.22848844528198242, "passed": false}, "8": {"execution_time": 0.20952773094177246, "passed": false}, "9": {"execution_time": 0.21245336532592773, "passed": false}, "10": {"execution_time": 0.19412708282470703, "passed": false}, "11": {"execution_time": 0.20938563346862793, "passed": false}}}, "check_style_score": "0/1"}