{"version": "1", "message": "ERROR: Hidden Testcases server unreachable.", "problem_id": "ads2_m4_a1_1", "user_id": "MudugantiShivani", "score": {"sample": {"0": {"execution_time": 0.5354888439178467, "passed": true}, "1": {"execution_time": 0.5063762664794922, "passed": true}, "2": {"execution_time": 0.5847399234771729, "passed": true}, "3": {"execution_time": 0.5602710247039795, "passed": true}, "4": {"execution_time": 0.4338796138763428, "passed": true}, "5": {"execution_time": 0.4981086254119873, "passed": true}, "6": {"execution_time": 0.38567399978637695, "passed": true}, "7": {"execution_time": 0.4084794521331787, "passed": true}, "8": {"execution_time": 0.6031098365783691, "passed": true}, "9": {"execution_time": 0.3850882053375244, "passed": true}, "10": {"execution_time": 0.4069035053253174, "passed": true}, "11": {"execution_time": 0.25616979598999023, "passed": true}, "12": {"execution_time": 0.4267897605895996, "passed": true}, "13": {"execution_time": 1.1626055240631104, "passed": true}, "14": {"execution_time": 0.23566579818725586, "passed": true}}}, "check_style_score": "1/1"}