{"version": "1", "message": "ERROR: Hidden Testcases server unreachable.", "problem_id": "ads2_m4_a1_1", "user_id": "BhavaniChoudary", "score": {"sample": {"0": {"execution_time": 0.35573554039001465, "passed": true}, "1": {"execution_time": 0.23317170143127441, "passed": true}, "2": {"execution_time": 0.27892446517944336, "passed": true}, "3": {"execution_time": 0.3948173522949219, "passed": true}, "4": {"execution_time": 0.32137036323547363, "passed": true}, "5": {"execution_time": 0.31567859649658203, "passed": true}, "6": {"execution_time": 0.3441798686981201, "passed": true}, "7": {"execution_time": 0.3345961570739746, "passed": true}, "8": {"execution_time": 0.2917368412017822, "passed": true}, "9": {"execution_time": 0.2671854496002197, "passed": true}, "10": {"execution_time": 0.26375508308410645, "passed": true}, "11": {"execution_time": 0.33364033699035645, "passed": true}, "12": {"execution_time": 0.30250096321105957, "passed": true}, "13": {"execution_time": 10.48313021659851, "passed": false}, "14": {"execution_time": 0.2575845718383789, "passed": true}}}, "check_style_score": "0/1"}