{"version": "1", "message": "ERROR: Hidden Testcases server unreachable.", "problem_id": "ads2_m16_a1_1", "user_id": "BhavaniChoudary", "score": {"sample": {"0": {"execution_time": 0.25485849380493164, "passed": true}, "1": {"execution_time": 0.4003305435180664, "passed": true}, "2": {"execution_time": 0.879784107208252, "passed": true}, "3": {"execution_time": 0.9990441799163818, "passed": true}, "4": {"execution_time": 0.8257408142089844, "passed": true}, "5": {"execution_time": 0.5980250835418701, "passed": true}, "6": {"execution_time": 0.6222164630889893, "passed": true}, "7": {"execution_time": 0.5961241722106934, "passed": true}, "8": {"execution_time": 0.35436439514160156, "passed": true}, "9": {"execution_time": 1.0140342712402344, "passed": true}, "10": {"execution_time": 1.0478010177612305, "passed": true}, "11": {"execution_time": 6.038638114929199, "passed": true}, "12": {"execution_time": 0.7179205417633057, "passed": true}, "13": {"execution_time": 0.5325689315795898, "passed": true}, "14": {"execution_time": 1.1895451545715332, "passed": true}, "15": {"execution_time": 0.9593257904052734, "passed": true}, "16": {"execution_time": 0.764683723449707, "passed": true}, "17": {"execution_time": 0.7675142288208008, "passed": true}, "18": {"execution_time": 0.6401071548461914, "passed": true}, "19": {"execution_time": 0.7088494300842285, "passed": true}, "20": {"execution_time": 0.4901900291442871, "passed": true}, "21": {"execution_time": 0.4251525402069092, "passed": true}, "22": {"execution_time": 0.39605140686035156, "passed": true}, "23": {"execution_time": 0.5005044937133789, "passed": true}, "24": {"execution_time": 0.34794092178344727, "passed": true}, "25": {"execution_time": 1.1008992195129395, "passed": true}, "26": {"execution_time": 0.7968218326568604, "passed": true}, "27": {"execution_time": 1.0446414947509766, "passed": true}, "28": {"execution_time": 1.3916761875152588, "passed": true}, "29": {"execution_time": 0.25107789039611816, "passed": true}}}, "check_style_score": "1/1"}