{"version": "1", "message": "ERROR: Hidden Testcases server unreachable.", "problem_id": "ads2_m16_a1_1", "user_id": "BhavaniChoudary", "score": {"sample": {"0": {"execution_time": 0.344022274017334, "passed": true}, "1": {"execution_time": 0.4045698642730713, "passed": true}, "2": {"execution_time": 0.6456677913665771, "passed": true}, "3": {"execution_time": 0.774324893951416, "passed": true}, "4": {"execution_time": 0.6432042121887207, "passed": true}, "5": {"execution_time": 0.6819210052490234, "passed": true}, "6": {"execution_time": 0.600783109664917, "passed": true}, "7": {"execution_time": 0.9917867183685303, "passed": true}, "8": {"execution_time": 0.44952940940856934, "passed": true}, "9": {"execution_time": 1.355916976928711, "passed": true}, "10": {"execution_time": 1.3905115127563477, "passed": true}, "11": {"execution_time": 9.221210718154907, "passed": true}, "12": {"execution_time": 1.398895263671875, "passed": true}, "13": {"execution_time": 0.5132534503936768, "passed": true}, "14": {"execution_time": 0.9974479675292969, "passed": true}, "15": {"execution_time": 0.8919689655303955, "passed": true}, "16": {"execution_time": 0.4525148868560791, "passed": true}, "17": {"execution_time": 0.6204612255096436, "passed": true}, "18": {"execution_time": 0.43117499351501465, "passed": true}, "19": {"execution_time": 0.4896519184112549, "passed": true}, "20": {"execution_time": 0.5512504577636719, "passed": true}, "21": {"execution_time": 0.5190014839172363, "passed": true}, "22": {"execution_time": 0.4281325340270996, "passed": true}, "23": {"execution_time": 0.5263631343841553, "passed": true}, "24": {"execution_time": 0.3652617931365967, "passed": true}, "25": {"execution_time": 1.0421850681304932, "passed": true}, "26": {"execution_time": 0.8365907669067383, "passed": true}, "27": {"execution_time": 0.6319212913513184, "passed": true}, "28": {"execution_time": 0.925853967666626, "passed": true}, "29": {"execution_time": 0.16701650619506836, "passed": true}}}, "check_style_score": "0/1"}