{"version": "1", "message": "ERROR: Hidden Testcases server unreachable.", "problem_id": "ads2_m16_a1_1", "user_id": "BhavaniChoudary", "score": {"sample": {"0": {"execution_time": 0.2676267623901367, "passed": true}, "1": {"execution_time": 0.28188347816467285, "passed": true}, "2": {"execution_time": 0.56705641746521, "passed": true}, "3": {"execution_time": 0.8581809997558594, "passed": true}, "4": {"execution_time": 0.8342792987823486, "passed": true}, "5": {"execution_time": 0.8646597862243652, "passed": true}, "6": {"execution_time": 0.8202047348022461, "passed": true}, "7": {"execution_time": 0.6114821434020996, "passed": true}, "8": {"execution_time": 0.4008455276489258, "passed": true}, "9": {"execution_time": 0.5315747261047363, "passed": true}, "10": {"execution_time": 0.5622642040252686, "passed": true}, "11": {"execution_time": 4.548076868057251, "passed": true}, "12": {"execution_time": 1.0397920608520508, "passed": true}, "13": {"execution_time": 0.3219902515411377, "passed": true}, "14": {"execution_time": 0.7483041286468506, "passed": true}, "15": {"execution_time": 0.9299590587615967, "passed": true}, "16": {"execution_time": 0.45966434478759766, "passed": true}, "17": {"execution_time": 0.43620753288269043, "passed": true}, "18": {"execution_time": 0.44020986557006836, "passed": true}, "19": {"execution_time": 0.30865025520324707, "passed": true}, "20": {"execution_time": 0.43837928771972656, "passed": true}, "21": {"execution_time": 0.3284428119659424, "passed": true}, "22": {"execution_time": 0.3200852870941162, "passed": true}, "23": {"execution_time": 0.3291187286376953, "passed": true}, "24": {"execution_time": 0.31528663635253906, "passed": true}, "25": {"execution_time": 1.019592523574829, "passed": true}, "26": {"execution_time": 0.876922607421875, "passed": true}, "27": {"execution_time": 0.9879124164581299, "passed": true}, "28": {"execution_time": 1.5462510585784912, "passed": true}, "29": {"execution_time": 0.282329797744751, "passed": true}}}, "check_style_score": "0/1"}