{"version": "1", "message": "ERROR: Hidden Testcases server unreachable.", "problem_id": "ads2_m16_a1_1", "user_id": "BhavaniChoudary", "score": {"sample": {"0": {"execution_time": 0.4024240970611572, "passed": true}, "1": {"execution_time": 0.41396212577819824, "passed": true}, "2": {"execution_time": 0.6235966682434082, "passed": true}, "3": {"execution_time": 0.6529746055603027, "passed": true}, "4": {"execution_time": 1.1615126132965088, "passed": true}, "5": {"execution_time": 1.185490608215332, "passed": true}, "6": {"execution_time": 1.167569875717163, "passed": true}, "7": {"execution_time": 1.1593470573425293, "passed": true}, "8": {"execution_time": 0.6443302631378174, "passed": true}, "9": {"execution_time": 1.16227388381958, "passed": true}, "10": {"execution_time": 1.1348447799682617, "passed": true}, "11": {"execution_time": 9.492310762405396, "passed": true}, "12": {"execution_time": 1.1673188209533691, "passed": true}, "13": {"execution_time": 0.49299001693725586, "passed": true}, "14": {"execution_time": 1.1810674667358398, "passed": true}, "15": {"execution_time": 1.1602706909179688, "passed": true}, "16": {"execution_time": 0.662980318069458, "passed": true}, "17": {"execution_time": 0.5933279991149902, "passed": true}, "18": {"execution_time": 0.6017401218414307, "passed": true}, "19": {"execution_time": 0.6371114253997803, "passed": true}, "20": {"execution_time": 0.7409594058990479, "passed": true}, "21": {"execution_time": 0.6514551639556885, "passed": true}, "22": {"execution_time": 0.6071569919586182, "passed": true}, "23": {"execution_time": 0.6281890869140625, "passed": true}, "24": {"execution_time": 0.46975159645080566, "passed": true}, "25": {"execution_time": 1.380340814590454, "passed": true}, "26": {"execution_time": 0.7792966365814209, "passed": true}, "27": {"execution_time": 1.4067614078521729, "passed": true}, "28": {"execution_time": 2.080143928527832, "passed": true}, "29": {"execution_time": 0.3652231693267822, "passed": true}}}, "check_style_score": "1/1"}