{"version": "1", "message": "ERROR: Hidden Testcases server unreachable.", "problem_id": "ads2_m16_a1_1", "user_id": "BhavaniChoudary", "score": {"sample": {"0": {"execution_time": 0.30761289596557617, "passed": true}, "1": {"execution_time": 0.2756004333496094, "passed": true}, "2": {"execution_time": 0.5459799766540527, "passed": true}, "3": {"execution_time": 0.5811498165130615, "passed": true}, "4": {"execution_time": 0.555525541305542, "passed": true}, "5": {"execution_time": 0.5338649749755859, "passed": true}, "6": {"execution_time": 0.7099366188049316, "passed": true}, "7": {"execution_time": 0.8696680068969727, "passed": true}, "8": {"execution_time": 0.43120503425598145, "passed": true}, "9": {"execution_time": 0.9518468379974365, "passed": true}, "10": {"execution_time": 1.0800580978393555, "passed": true}, "11": {"execution_time": 6.65046238899231, "passed": true}, "12": {"execution_time": 0.8534564971923828, "passed": true}, "13": {"execution_time": 0.3460264205932617, "passed": true}, "14": {"execution_time": 0.8895680904388428, "passed": true}, "15": {"execution_time": 0.8833181858062744, "passed": true}, "16": {"execution_time": 0.44570088386535645, "passed": true}, "17": {"execution_time": 0.44202351570129395, "passed": true}, "18": {"execution_time": 0.5121448040008545, "passed": true}, "19": {"execution_time": 0.563269853591919, "passed": true}, "20": {"execution_time": 0.8188965320587158, "passed": true}, "21": {"execution_time": 0.7212424278259277, "passed": true}, "22": {"execution_time": 0.663165807723999, "passed": true}, "23": {"execution_time": 0.714360237121582, "passed": true}, "24": {"execution_time": 0.37569594383239746, "passed": true}, "25": {"execution_time": 1.089918851852417, "passed": true}, "26": {"execution_time": 0.7681052684783936, "passed": true}, "27": {"execution_time": 0.5993435382843018, "passed": true}, "28": {"execution_time": 0.8928649425506592, "passed": true}, "29": {"execution_time": 0.1842653751373291, "passed": true}}}, "check_style_score": "1/1"}