{"version": "1", "message": "ERROR: Hidden Testcases server unreachable.", "problem_id": "ads2_m16_a1_1", "user_id": "BhavaniChoudary", "score": {"sample": {"0": {"execution_time": 0.3045847415924072, "passed": true}, "1": {"execution_time": 0.2970917224884033, "passed": true}, "2": {"execution_time": 0.5206525325775146, "passed": true}, "3": {"execution_time": 0.5763931274414062, "passed": true}, "4": {"execution_time": 0.585613489151001, "passed": true}, "5": {"execution_time": 0.5645842552185059, "passed": true}, "6": {"execution_time": 0.8936793804168701, "passed": true}, "7": {"execution_time": 0.8466789722442627, "passed": true}, "8": {"execution_time": 0.4875631332397461, "passed": true}, "9": {"execution_time": 0.9628443717956543, "passed": true}, "10": {"execution_time": 0.9013364315032959, "passed": true}, "11": {"execution_time": 6.761962652206421, "passed": true}, "12": {"execution_time": 0.5349514484405518, "passed": true}, "13": {"execution_time": 0.3316531181335449, "passed": true}, "14": {"execution_time": 0.5359525680541992, "passed": true}, "15": {"execution_time": 0.8661277294158936, "passed": true}, "16": {"execution_time": 0.4753756523132324, "passed": true}, "17": {"execution_time": 0.43373918533325195, "passed": true}, "18": {"execution_time": 0.3951292037963867, "passed": true}, "19": {"execution_time": 0.4341752529144287, "passed": true}, "20": {"execution_time": 0.5465247631072998, "passed": true}, "21": {"execution_time": 0.3880183696746826, "passed": true}, "22": {"execution_time": 0.44194793701171875, "passed": true}, "23": {"execution_time": 0.45549917221069336, "passed": true}, "24": {"execution_time": 0.3360884189605713, "passed": true}, "25": {"execution_time": 1.0309810638427734, "passed": true}, "26": {"execution_time": 0.71065354347229, "passed": true}, "27": {"execution_time": 1.047241449356079, "passed": true}, "28": {"execution_time": 1.5187771320343018, "passed": true}, "29": {"execution_time": 0.27150988578796387, "passed": true}}}, "check_style_score": "1/1"}