{"version": "1", "message": "ERROR: Hidden Testcases server unreachable.", "problem_id": "ads2_m16_a1_1", "user_id": "BhavaniChoudary", "score": {"sample": {"0": {"execution_time": 0.29639363288879395, "passed": true}, "1": {"execution_time": 0.2701280117034912, "passed": true}, "2": {"execution_time": 0.5386478900909424, "passed": true}, "3": {"execution_time": 0.5253427028656006, "passed": true}, "4": {"execution_time": 0.5457043647766113, "passed": true}, "5": {"execution_time": 0.549891471862793, "passed": true}, "6": {"execution_time": 0.5616719722747803, "passed": true}, "7": {"execution_time": 0.5371460914611816, "passed": true}, "8": {"execution_time": 0.3215036392211914, "passed": true}, "9": {"execution_time": 0.5521402359008789, "passed": true}, "10": {"execution_time": 0.5087480545043945, "passed": true}, "11": {"execution_time": 3.92457914352417, "passed": true}, "12": {"execution_time": 0.5918011665344238, "passed": true}, "13": {"execution_time": 0.26305413246154785, "passed": true}, "14": {"execution_time": 0.6096749305725098, "passed": true}, "15": {"execution_time": 0.6667547225952148, "passed": true}, "16": {"execution_time": 0.48885560035705566, "passed": true}, "17": {"execution_time": 0.38272714614868164, "passed": true}, "18": {"execution_time": 0.4279649257659912, "passed": true}, "19": {"execution_time": 0.5207443237304688, "passed": true}, "20": {"execution_time": 0.5391769409179688, "passed": true}, "21": {"execution_time": 0.5036211013793945, "passed": true}, "22": {"execution_time": 0.41759777069091797, "passed": true}, "23": {"execution_time": 0.4712944030761719, "passed": true}, "24": {"execution_time": 0.3833432197570801, "passed": true}, "25": {"execution_time": 1.0236907005310059, "passed": true}, "26": {"execution_time": 0.821803092956543, "passed": true}, "27": {"execution_time": 1.0478298664093018, "passed": true}, "28": {"execution_time": 1.5635740756988525, "passed": true}, "29": {"execution_time": 0.2870602607727051, "passed": true}}}, "check_style_score": "1/1"}