{"version": "1", "message": "ERROR: Hidden Testcases server unreachable.", "problem_id": "ads2_m16_a1_1", "user_id": "BhavaniChoudary", "score": {"sample": {"0": {"execution_time": 0.46083498001098633, "passed": true}, "1": {"execution_time": 0.38681459426879883, "passed": true}, "2": {"execution_time": 0.78017258644104, "passed": true}, "3": {"execution_time": 0.900855541229248, "passed": true}, "4": {"execution_time": 0.861696720123291, "passed": true}, "5": {"execution_time": 0.9083061218261719, "passed": true}, "6": {"execution_time": 0.8856914043426514, "passed": true}, "7": {"execution_time": 0.7990176677703857, "passed": true}, "8": {"execution_time": 0.533966064453125, "passed": true}, "9": {"execution_time": 0.6215806007385254, "passed": true}, "10": {"execution_time": 0.6202418804168701, "passed": true}, "11": {"execution_time": 7.225299119949341, "passed": true}, "12": {"execution_time": 0.8901493549346924, "passed": true}, "13": {"execution_time": 0.3754098415374756, "passed": true}, "14": {"execution_time": 0.6474568843841553, "passed": true}, "15": {"execution_time": 0.6226589679718018, "passed": true}, "16": {"execution_time": 0.3997516632080078, "passed": true}, "17": {"execution_time": 0.49259328842163086, "passed": true}, "18": {"execution_time": 0.4497640132904053, "passed": true}, "19": {"execution_time": 0.42096662521362305, "passed": true}, "20": {"execution_time": 0.4197206497192383, "passed": true}, "21": {"execution_time": 0.3783454895019531, "passed": true}, "22": {"execution_time": 0.43706202507019043, "passed": true}, "23": {"execution_time": 0.4676070213317871, "passed": true}, "24": {"execution_time": 0.3659169673919678, "passed": true}, "25": {"execution_time": 1.0838232040405273, "passed": true}, "26": {"execution_time": 0.8114182949066162, "passed": true}, "27": {"execution_time": 1.060633659362793, "passed": true}, "28": {"execution_time": 1.507667064666748, "passed": true}, "29": {"execution_time": 0.25411128997802734, "passed": true}}}, "check_style_score": "0/1"}