{"version": "1", "message": "ERROR: Hidden Testcases server unreachable.", "problem_id": "ads2_m2_a1_1", "user_id": "BhavaniChoudary", "score": {"sample": {"0": {"execution_time": 0.263566255569458, "passed": true}, "1": {"execution_time": 0.2800867557525635, "passed": true}, "2": {"execution_time": 0.37915635108947754, "passed": true}, "3": {"execution_time": 0.36618685722351074, "passed": true}, "4": {"execution_time": 0.3606092929840088, "passed": true}, "5": {"execution_time": 0.3734924793243408, "passed": true}, "6": {"execution_time": 0.3619263172149658, "passed": true}, "7": {"execution_time": 0.3769056797027588, "passed": true}, "8": {"execution_time": 0.379852294921875, "passed": true}, "9": {"execution_time": 0.34349632263183594, "passed": true}, "10": {"execution_time": 0.35187840461730957, "passed": true}, "11": {"execution_time": 0.37402987480163574, "passed": true}, "12": {"execution_time": 0.370772123336792, "passed": true}, "13": {"execution_time": 0.35662007331848145, "passed": true}, "14": {"execution_time": 0.3860139846801758, "passed": true}, "15": {"execution_time": 0.42310237884521484, "passed": true}, "16": {"execution_time": 0.41530942916870117, "passed": true}, "17": {"execution_time": 0.4735989570617676, "passed": true}, "18": {"execution_time": 0.46457791328430176, "passed": true}, "19": {"execution_time": 0.4546632766723633, "passed": true}, "20": {"execution_time": 0.48285722732543945, "passed": true}, "21": {"execution_time": 0.3572964668273926, "passed": true}, "22": {"execution_time": 0.714618444442749, "passed": true}, "23": {"execution_time": 0.6878068447113037, "passed": true}}}, "check_style_score": "1/1"}