{"version": "1", "message": "ERROR: Hidden Testcases server unreachable.", "problem_id": "ads2_m2_a1_1", "user_id": "BhavaniChoudary", "score": {"sample": {"0": {"execution_time": 0.44817399978637695, "passed": true}, "1": {"execution_time": 0.21114683151245117, "passed": true}, "2": {"execution_time": 0.2241044044494629, "passed": true}, "3": {"execution_time": 0.22196149826049805, "passed": true}, "4": {"execution_time": 0.23185300827026367, "passed": true}, "5": {"execution_time": 0.2487475872039795, "passed": true}, "6": {"execution_time": 0.27206921577453613, "passed": true}, "7": {"execution_time": 0.23921465873718262, "passed": true}, "8": {"execution_time": 0.2538259029388428, "passed": true}, "9": {"execution_time": 0.28691601753234863, "passed": true}, "10": {"execution_time": 0.21714258193969727, "passed": true}, "11": {"execution_time": 0.22099804878234863, "passed": true}, "12": {"execution_time": 0.21548771858215332, "passed": true}, "13": {"execution_time": 0.2517211437225342, "passed": true}, "14": {"execution_time": 0.2302243709564209, "passed": true}, "15": {"execution_time": 0.23317313194274902, "passed": true}, "16": {"execution_time": 0.2822763919830322, "passed": true}, "17": {"execution_time": 0.2896275520324707, "passed": true}, "18": {"execution_time": 0.26929640769958496, "passed": true}, "19": {"execution_time": 0.31876134872436523, "passed": true}, "20": {"execution_time": 0.32996559143066406, "passed": true}, "21": {"execution_time": 0.23574590682983398, "passed": true}, "22": {"execution_time": 0.4672122001647949, "passed": true}, "23": {"execution_time": 0.6481509208679199, "passed": true}}}, "check_style_score": "1/1"}