{"version": "1", "message": "ERROR: Hidden Testcases server unreachable.", "problem_id": "ads2_m2_a1_1", "user_id": "BhavaniChoudary", "score": {"sample": {"0": {"execution_time": 0.3838820457458496, "passed": true}, "1": {"execution_time": 0.37101292610168457, "passed": true}, "2": {"execution_time": 0.29421186447143555, "passed": true}, "3": {"execution_time": 0.17125725746154785, "passed": true}, "4": {"execution_time": 0.1518857479095459, "passed": true}, "5": {"execution_time": 0.14867711067199707, "passed": true}, "6": {"execution_time": 0.18688416481018066, "passed": true}, "7": {"execution_time": 0.20778512954711914, "passed": true}, "8": {"execution_time": 0.4936563968658447, "passed": true}, "9": {"execution_time": 0.6442718505859375, "passed": true}, "10": {"execution_time": 0.396939754486084, "passed": true}, "11": {"execution_time": 0.2121415138244629, "passed": true}, "12": {"execution_time": 0.3590424060821533, "passed": true}, "13": {"execution_time": 0.25336265563964844, "passed": true}, "14": {"execution_time": 0.24723100662231445, "passed": true}, "15": {"execution_time": 0.2832679748535156, "passed": true}, "16": {"execution_time": 0.2269442081451416, "passed": true}, "17": {"execution_time": 0.28040552139282227, "passed": true}, "18": {"execution_time": 0.2316267490386963, "passed": true}, "19": {"execution_time": 0.3338015079498291, "passed": true}, "20": {"execution_time": 0.2623426914215088, "passed": true}, "21": {"execution_time": 0.1926407814025879, "passed": true}, "22": {"execution_time": 0.36559391021728516, "passed": true}, "23": {"execution_time": 0.34249377250671387, "passed": true}}}, "check_style_score": "1/1"}