{"version": "1", "message": "ERROR: Hidden Testcases server unreachable.", "problem_id": "ads2_m2_a1_1", "user_id": "BhavaniChoudary", "score": {"sample": {"0": {"execution_time": 0.6694087982177734, "passed": true}, "1": {"execution_time": 0.4220297336578369, "passed": true}, "2": {"execution_time": 0.375502347946167, "passed": true}, "3": {"execution_time": 0.2904975414276123, "passed": true}, "4": {"execution_time": 0.3366279602050781, "passed": true}, "5": {"execution_time": 0.4216587543487549, "passed": true}, "6": {"execution_time": 0.34150242805480957, "passed": true}, "7": {"execution_time": 0.27941060066223145, "passed": true}, "8": {"execution_time": 0.28598475456237793, "passed": true}, "9": {"execution_time": 0.2775156497955322, "passed": true}, "10": {"execution_time": 0.3434715270996094, "passed": true}, "11": {"execution_time": 0.2753102779388428, "passed": true}, "12": {"execution_time": 0.4779958724975586, "passed": true}, "13": {"execution_time": 0.2984161376953125, "passed": true}, "14": {"execution_time": 0.32633090019226074, "passed": true}, "15": {"execution_time": 0.19319653511047363, "passed": true}, "16": {"execution_time": 0.2610294818878174, "passed": true}, "17": {"execution_time": 0.2509300708770752, "passed": true}, "18": {"execution_time": 0.22666430473327637, "passed": true}, "19": {"execution_time": 0.31607508659362793, "passed": true}, "20": {"execution_time": 0.2704617977142334, "passed": true}, "21": {"execution_time": 0.22262787818908691, "passed": true}, "22": {"execution_time": 0.39878034591674805, "passed": true}, "23": {"execution_time": 0.3521153926849365, "passed": true}}}, "check_style_score": "1/1"}