{"version": "1", "message": "ERROR: Hidden Testcases server unreachable.", "problem_id": "ads2_m2_a1_1", "user_id": "BhavaniChoudary", "score": {"sample": {"0": {"execution_time": 0.2566840648651123, "passed": true}, "1": {"execution_time": 0.23568201065063477, "passed": true}, "2": {"execution_time": 0.36097002029418945, "passed": true}, "3": {"execution_time": 0.35518741607666016, "passed": true}, "4": {"execution_time": 0.18660521507263184, "passed": true}, "5": {"execution_time": 0.16818809509277344, "passed": true}, "6": {"execution_time": 0.2399609088897705, "passed": true}, "7": {"execution_time": 0.2884244918823242, "passed": true}, "8": {"execution_time": 0.266765832901001, "passed": true}, "9": {"execution_time": 0.21749210357666016, "passed": true}, "10": {"execution_time": 0.22913050651550293, "passed": true}, "11": {"execution_time": 0.30327558517456055, "passed": true}, "12": {"execution_time": 0.1786816120147705, "passed": true}, "13": {"execution_time": 0.19843626022338867, "passed": true}, "14": {"execution_time": 0.3136587142944336, "passed": true}, "15": {"execution_time": 0.3017241954803467, "passed": true}, "16": {"execution_time": 0.27864646911621094, "passed": true}, "17": {"execution_time": 0.4120204448699951, "passed": true}, "18": {"execution_time": 0.46251726150512695, "passed": true}, "19": {"execution_time": 0.4951205253601074, "passed": true}, "20": {"execution_time": 0.49237966537475586, "passed": true}, "21": {"execution_time": 0.38530683517456055, "passed": true}, "22": {"execution_time": 0.6677305698394775, "passed": true}, "23": {"execution_time": 0.6708047389984131, "passed": true}}}, "check_style_score": "1/1"}