{"version": "1", "message": "ERROR: Hidden Testcases server unreachable.", "problem_id": "ads2_m2_a1_1", "user_id": "BhavaniChoudary", "score": {"sample": {"0": {"execution_time": 0.36663055419921875, "passed": true}, "1": {"execution_time": 0.23000049591064453, "passed": true}, "2": {"execution_time": 0.2662384510040283, "passed": true}, "3": {"execution_time": 0.24060559272766113, "passed": true}, "4": {"execution_time": 0.21689701080322266, "passed": true}, "5": {"execution_time": 0.2525303363800049, "passed": true}, "6": {"execution_time": 0.23303747177124023, "passed": true}, "7": {"execution_time": 0.1985480785369873, "passed": true}, "8": {"execution_time": 0.26371049880981445, "passed": true}, "9": {"execution_time": 0.1662275791168213, "passed": true}, "10": {"execution_time": 0.18483352661132812, "passed": true}, "11": {"execution_time": 0.25348758697509766, "passed": true}, "12": {"execution_time": 0.22214341163635254, "passed": true}, "13": {"execution_time": 0.25742292404174805, "passed": true}, "14": {"execution_time": 0.24294424057006836, "passed": true}, "15": {"execution_time": 0.23493480682373047, "passed": true}, "16": {"execution_time": 0.17900347709655762, "passed": true}, "17": {"execution_time": 0.2621762752532959, "passed": true}, "18": {"execution_time": 0.30853724479675293, "passed": true}, "19": {"execution_time": 0.3266422748565674, "passed": true}, "20": {"execution_time": 0.26617002487182617, "passed": true}, "21": {"execution_time": 0.2473583221435547, "passed": true}, "22": {"execution_time": 0.40285611152648926, "passed": true}, "23": {"execution_time": 0.40513062477111816, "passed": true}}}, "check_style_score": "1/1"}