{"version": "1", "message": "ERROR: Hidden Testcases server unreachable.", "problem_id": "ads2_m2_a1_1", "user_id": "BhavaniChoudary", "score": {"sample": {"0": {"execution_time": 0.32964658737182617, "passed": true}, "1": {"execution_time": 0.271303653717041, "passed": true}, "2": {"execution_time": 0.29459047317504883, "passed": true}, "3": {"execution_time": 0.3030533790588379, "passed": true}, "4": {"execution_time": 0.2861969470977783, "passed": true}, "5": {"execution_time": 0.3141975402832031, "passed": true}, "6": {"execution_time": 0.2749466896057129, "passed": true}, "7": {"execution_time": 0.2838122844696045, "passed": true}, "8": {"execution_time": 0.26018738746643066, "passed": true}, "9": {"execution_time": 0.28651881217956543, "passed": true}, "10": {"execution_time": 0.25861310958862305, "passed": true}, "11": {"execution_time": 0.30341291427612305, "passed": true}, "12": {"execution_time": 0.28673696517944336, "passed": true}, "13": {"execution_time": 0.2742164134979248, "passed": true}, "14": {"execution_time": 0.27561020851135254, "passed": true}, "15": {"execution_time": 0.36371350288391113, "passed": true}, "16": {"execution_time": 0.3054325580596924, "passed": true}, "17": {"execution_time": 0.3721742630004883, "passed": true}, "18": {"execution_time": 0.3759636878967285, "passed": true}, "19": {"execution_time": 0.35946106910705566, "passed": true}, "20": {"execution_time": 0.41042375564575195, "passed": true}, "21": {"execution_time": 0.36173248291015625, "passed": true}, "22": {"execution_time": 0.5806999206542969, "passed": true}, "23": {"execution_time": 0.5634520053863525, "passed": true}}}, "check_style_score": "1/1"}