{"version": "1", "message": "ERROR: Hidden Testcases server unreachable.", "problem_id": "ads2_m2_a1_1", "user_id": "BhavaniChoudary", "score": {"sample": {"0": {"execution_time": 0.4056732654571533, "passed": true}, "1": {"execution_time": 0.4532294273376465, "passed": true}, "2": {"execution_time": 0.4181640148162842, "passed": true}, "3": {"execution_time": 0.3003270626068115, "passed": true}, "4": {"execution_time": 0.25046205520629883, "passed": true}, "5": {"execution_time": 0.38709473609924316, "passed": true}, "6": {"execution_time": 0.2577385902404785, "passed": true}, "7": {"execution_time": 0.3837101459503174, "passed": true}, "8": {"execution_time": 0.24897027015686035, "passed": true}, "9": {"execution_time": 0.2484750747680664, "passed": true}, "10": {"execution_time": 0.37018680572509766, "passed": true}, "11": {"execution_time": 0.3537437915802002, "passed": true}, "12": {"execution_time": 0.36607861518859863, "passed": true}, "13": {"execution_time": 0.2919895648956299, "passed": true}, "14": {"execution_time": 0.3438436985015869, "passed": true}, "15": {"execution_time": 0.30951714515686035, "passed": true}, "16": {"execution_time": 0.31885623931884766, "passed": true}, "17": {"execution_time": 0.2807199954986572, "passed": true}, "18": {"execution_time": 0.519852876663208, "passed": true}, "19": {"execution_time": 0.5404305458068848, "passed": true}, "20": {"execution_time": 0.4859912395477295, "passed": true}, "21": {"execution_time": 0.45091676712036133, "passed": true}, "22": {"execution_time": 0.6834890842437744, "passed": true}, "23": {"execution_time": 0.7712368965148926, "passed": true}}}, "check_style_score": "1/1"}