{"version": "1", "message": "ERROR: Hidden Testcases server unreachable.", "problem_id": "ads2_m2_a1_1", "user_id": "BhavaniChoudary", "score": {"sample": {"0": {"execution_time": 0.1830306053161621, "passed": true}, "1": {"execution_time": 0.16414809226989746, "passed": true}, "2": {"execution_time": 0.14513945579528809, "passed": true}, "3": {"execution_time": 0.14580178260803223, "passed": true}, "4": {"execution_time": 0.16461753845214844, "passed": true}, "5": {"execution_time": 0.1713697910308838, "passed": true}, "6": {"execution_time": 0.14750003814697266, "passed": true}, "7": {"execution_time": 0.1499793529510498, "passed": true}, "8": {"execution_time": 0.14644384384155273, "passed": true}, "9": {"execution_time": 0.16319823265075684, "passed": true}, "10": {"execution_time": 0.1490018367767334, "passed": true}, "11": {"execution_time": 0.1642444133758545, "passed": true}, "12": {"execution_time": 0.14842963218688965, "passed": true}, "13": {"execution_time": 0.15758609771728516, "passed": true}, "14": {"execution_time": 0.1925647258758545, "passed": true}, "15": {"execution_time": 0.18830275535583496, "passed": true}, "16": {"execution_time": 0.21218395233154297, "passed": true}, "17": {"execution_time": 0.1953144073486328, "passed": true}, "18": {"execution_time": 0.19706344604492188, "passed": true}, "19": {"execution_time": 0.23222994804382324, "passed": true}, "20": {"execution_time": 0.19449281692504883, "passed": true}, "21": {"execution_time": 0.1719071865081787, "passed": true}, "22": {"execution_time": 0.34194183349609375, "passed": true}, "23": {"execution_time": 0.48077392578125, "passed": true}}}, "check_style_score": "1/1"}