{"version": "1", "message": "ERROR: Hidden Testcases server unreachable.", "problem_id": "ads2_m2_a1_1", "user_id": "BhavaniChoudary", "score": {"sample": {"0": {"execution_time": 0.293079137802124, "passed": true}, "1": {"execution_time": 0.29447507858276367, "passed": true}, "2": {"execution_time": 0.2949678897857666, "passed": true}, "3": {"execution_time": 0.28023505210876465, "passed": true}, "4": {"execution_time": 0.29354047775268555, "passed": true}, "5": {"execution_time": 0.29429101943969727, "passed": true}, "6": {"execution_time": 0.2956063747406006, "passed": true}, "7": {"execution_time": 0.3057701587677002, "passed": true}, "8": {"execution_time": 0.3092832565307617, "passed": true}, "9": {"execution_time": 0.31479573249816895, "passed": true}, "10": {"execution_time": 0.2939169406890869, "passed": true}, "11": {"execution_time": 0.2738761901855469, "passed": true}, "12": {"execution_time": 0.2561938762664795, "passed": true}, "13": {"execution_time": 0.3796708583831787, "passed": true}, "14": {"execution_time": 0.2862837314605713, "passed": true}, "15": {"execution_time": 0.3324306011199951, "passed": true}, "16": {"execution_time": 0.3134434223175049, "passed": true}, "17": {"execution_time": 0.3576030731201172, "passed": true}, "18": {"execution_time": 0.3882596492767334, "passed": true}, "19": {"execution_time": 0.36730146408081055, "passed": true}, "20": {"execution_time": 0.4070417881011963, "passed": true}, "21": {"execution_time": 0.3302626609802246, "passed": true}, "22": {"execution_time": 0.63498854637146, "passed": true}, "23": {"execution_time": 0.5640666484832764, "passed": true}}}, "check_style_score": "1/1"}