{"version": "1", "message": "ERROR: Hidden Testcases server unreachable.", "problem_id": "ads2_m2_a1_1", "user_id": "BhavaniChoudary", "score": {"sample": {"0": {"execution_time": 0.3343064785003662, "passed": true}, "1": {"execution_time": 0.32698512077331543, "passed": true}, "2": {"execution_time": 0.32060909271240234, "passed": true}, "3": {"execution_time": 0.2855837345123291, "passed": true}, "4": {"execution_time": 0.3123037815093994, "passed": true}, "5": {"execution_time": 0.47647547721862793, "passed": true}, "6": {"execution_time": 0.3777470588684082, "passed": true}, "7": {"execution_time": 0.30440330505371094, "passed": true}, "8": {"execution_time": 0.294022798538208, "passed": true}, "9": {"execution_time": 0.26615452766418457, "passed": true}, "10": {"execution_time": 0.30288052558898926, "passed": true}, "11": {"execution_time": 0.2610490322113037, "passed": true}, "12": {"execution_time": 0.2702658176422119, "passed": true}, "13": {"execution_time": 0.3498992919921875, "passed": true}, "14": {"execution_time": 0.3148503303527832, "passed": true}, "15": {"execution_time": 0.42928171157836914, "passed": true}, "16": {"execution_time": 0.5196504592895508, "passed": true}, "17": {"execution_time": 0.5016193389892578, "passed": true}, "18": {"execution_time": 0.468245267868042, "passed": true}, "19": {"execution_time": 0.37444448471069336, "passed": true}, "20": {"execution_time": 0.4000110626220703, "passed": true}, "21": {"execution_time": 0.36322689056396484, "passed": true}, "22": {"execution_time": 0.6818406581878662, "passed": true}, "23": {"execution_time": 0.571286678314209, "passed": true}}}, "check_style_score": "1/1"}