{"version": "1", "message": "ERROR: Hidden Testcases server unreachable.", "problem_id": "ads2_m2_a1_1", "user_id": "BhavaniChoudary", "score": {"sample": {"0": {"execution_time": 0.18949508666992188, "passed": true}, "1": {"execution_time": 0.15347027778625488, "passed": true}, "2": {"execution_time": 0.17947053909301758, "passed": true}, "3": {"execution_time": 0.1731712818145752, "passed": true}, "4": {"execution_time": 0.18366503715515137, "passed": true}, "5": {"execution_time": 0.18164539337158203, "passed": true}, "6": {"execution_time": 0.16755175590515137, "passed": true}, "7": {"execution_time": 0.17154574394226074, "passed": true}, "8": {"execution_time": 0.18645191192626953, "passed": true}, "9": {"execution_time": 0.18889141082763672, "passed": true}, "10": {"execution_time": 0.1701648235321045, "passed": true}, "11": {"execution_time": 0.16878819465637207, "passed": true}, "12": {"execution_time": 0.19120573997497559, "passed": true}, "13": {"execution_time": 0.17552900314331055, "passed": true}, "14": {"execution_time": 0.16940546035766602, "passed": true}, "15": {"execution_time": 0.20856046676635742, "passed": true}, "16": {"execution_time": 0.24669671058654785, "passed": true}, "17": {"execution_time": 0.24111199378967285, "passed": true}, "18": {"execution_time": 0.3720526695251465, "passed": true}, "19": {"execution_time": 0.2146315574645996, "passed": true}, "20": {"execution_time": 0.22689390182495117, "passed": true}, "21": {"execution_time": 0.17983174324035645, "passed": true}, "22": {"execution_time": 0.36513400077819824, "passed": true}, "23": {"execution_time": 0.3662574291229248, "passed": true}}}, "check_style_score": "0/1"}