{"version": "1", "message": "ERROR: Hidden Testcases server unreachable.", "problem_id": "ads2_m2_a1_1", "user_id": "BhavaniChoudary", "score": {"sample": {"0": {"execution_time": 0.18103861808776855, "passed": true}, "1": {"execution_time": 0.33369016647338867, "passed": true}, "2": {"execution_time": 0.14861798286437988, "passed": true}, "3": {"execution_time": 0.15379548072814941, "passed": true}, "4": {"execution_time": 0.16448593139648438, "passed": true}, "5": {"execution_time": 0.14896154403686523, "passed": true}, "6": {"execution_time": 0.15217971801757812, "passed": true}, "7": {"execution_time": 0.3656182289123535, "passed": true}, "8": {"execution_time": 0.2418196201324463, "passed": true}, "9": {"execution_time": 0.1555933952331543, "passed": true}, "10": {"execution_time": 0.1943833827972412, "passed": true}, "11": {"execution_time": 0.18842220306396484, "passed": true}, "12": {"execution_time": 0.17193150520324707, "passed": true}, "13": {"execution_time": 0.17094683647155762, "passed": true}, "14": {"execution_time": 0.17110753059387207, "passed": true}, "15": {"execution_time": 0.18639922142028809, "passed": true}, "16": {"execution_time": 0.20269131660461426, "passed": true}, "17": {"execution_time": 0.21752285957336426, "passed": true}, "18": {"execution_time": 0.2716512680053711, "passed": true}, "19": {"execution_time": 0.2197556495666504, "passed": true}, "20": {"execution_time": 0.2184741497039795, "passed": true}, "21": {"execution_time": 0.1799771785736084, "passed": true}, "22": {"execution_time": 0.3579432964324951, "passed": true}, "23": {"execution_time": 0.3510162830352783, "passed": true}}}, "check_style_score": "1/1"}