{"version": "1", "message": "ERROR: Hidden Testcases server unreachable.", "problem_id": "ads2_m2_a1_1", "user_id": "BhavaniChoudary", "score": {"sample": {"0": {"execution_time": 0.18940496444702148, "passed": true}, "1": {"execution_time": 0.14998364448547363, "passed": true}, "2": {"execution_time": 0.1493227481842041, "passed": true}, "3": {"execution_time": 0.1490955352783203, "passed": true}, "4": {"execution_time": 0.15117430686950684, "passed": true}, "5": {"execution_time": 0.1650540828704834, "passed": true}, "6": {"execution_time": 0.166428804397583, "passed": true}, "7": {"execution_time": 0.1517653465270996, "passed": true}, "8": {"execution_time": 0.1651928424835205, "passed": true}, "9": {"execution_time": 0.1511693000793457, "passed": true}, "10": {"execution_time": 0.1641554832458496, "passed": true}, "11": {"execution_time": 0.15437602996826172, "passed": true}, "12": {"execution_time": 0.16604089736938477, "passed": true}, "13": {"execution_time": 0.16722559928894043, "passed": true}, "14": {"execution_time": 0.16006851196289062, "passed": true}, "15": {"execution_time": 0.16998839378356934, "passed": true}, "16": {"execution_time": 0.17584681510925293, "passed": true}, "17": {"execution_time": 0.21616005897521973, "passed": true}, "18": {"execution_time": 0.21653437614440918, "passed": true}, "19": {"execution_time": 0.23376131057739258, "passed": true}, "20": {"execution_time": 0.27585864067077637, "passed": true}, "21": {"execution_time": 0.17233920097351074, "passed": true}, "22": {"execution_time": 0.37881946563720703, "passed": true}, "23": {"execution_time": 0.357954740524292, "passed": true}}}, "check_style_score": "1/1"}