{"version": "1", "message": "ERROR: Hidden Testcases server unreachable.", "problem_id": "ads2_m2_a1_1", "user_id": "BhavaniChoudary", "score": {"sample": {"0": {"execution_time": 0.3377091884613037, "passed": true}, "1": {"execution_time": 0.28233885765075684, "passed": true}, "2": {"execution_time": 0.3117046356201172, "passed": true}, "3": {"execution_time": 0.24423599243164062, "passed": true}, "4": {"execution_time": 0.19164633750915527, "passed": true}, "5": {"execution_time": 0.17705249786376953, "passed": true}, "6": {"execution_time": 0.20889973640441895, "passed": true}, "7": {"execution_time": 0.16506361961364746, "passed": true}, "8": {"execution_time": 0.24736905097961426, "passed": true}, "9": {"execution_time": 0.41788506507873535, "passed": true}, "10": {"execution_time": 0.24806833267211914, "passed": true}, "11": {"execution_time": 0.18434596061706543, "passed": true}, "12": {"execution_time": 0.26932573318481445, "passed": true}, "13": {"execution_time": 0.35411953926086426, "passed": true}, "14": {"execution_time": 0.5247223377227783, "passed": true}, "15": {"execution_time": 0.4859025478363037, "passed": true}, "16": {"execution_time": 0.3211193084716797, "passed": true}, "17": {"execution_time": 0.36292529106140137, "passed": true}, "18": {"execution_time": 0.3591768741607666, "passed": true}, "19": {"execution_time": 0.3451662063598633, "passed": true}, "20": {"execution_time": 0.37787365913391113, "passed": true}, "21": {"execution_time": 0.34322333335876465, "passed": true}, "22": {"execution_time": 0.6243364810943604, "passed": true}, "23": {"execution_time": 0.604290246963501, "passed": true}}}, "check_style_score": "1/1"}