{"version": "1", "message": "ERROR: Hidden Testcases server unreachable.", "problem_id": "ads2_m2_a1_1", "user_id": "BhavaniChoudary", "score": {"sample": {"0": {"execution_time": 0.5495312213897705, "passed": true}, "1": {"execution_time": 0.21423077583312988, "passed": true}, "2": {"execution_time": 0.42998719215393066, "passed": true}, "3": {"execution_time": 0.23237228393554688, "passed": true}, "4": {"execution_time": 0.1890575885772705, "passed": true}, "5": {"execution_time": 0.23471665382385254, "passed": true}, "6": {"execution_time": 0.16031765937805176, "passed": true}, "7": {"execution_time": 0.1979367733001709, "passed": true}, "8": {"execution_time": 0.1683800220489502, "passed": true}, "9": {"execution_time": 0.18191003799438477, "passed": true}, "10": {"execution_time": 0.18611884117126465, "passed": true}, "11": {"execution_time": 0.14671826362609863, "passed": true}, "12": {"execution_time": 0.18456196784973145, "passed": true}, "13": {"execution_time": 0.148972749710083, "passed": true}, "14": {"execution_time": 0.17920875549316406, "passed": true}, "15": {"execution_time": 0.2041616439819336, "passed": true}, "16": {"execution_time": 0.1844027042388916, "passed": true}, "17": {"execution_time": 0.21984148025512695, "passed": true}, "18": {"execution_time": 0.19805431365966797, "passed": true}, "19": {"execution_time": 0.19063568115234375, "passed": true}, "20": {"execution_time": 0.2466142177581787, "passed": true}, "21": {"execution_time": 0.17415142059326172, "passed": true}, "22": {"execution_time": 0.3046910762786865, "passed": true}, "23": {"execution_time": 0.3168058395385742, "passed": true}}}, "check_style_score": "0/1"}