{"version": "1", "message": "ERROR: Hidden Testcases server unreachable.", "problem_id": "ads2_m2_a1_1", "user_id": "BhavaniChoudary", "score": {"sample": {"0": {"execution_time": 0.39925122261047363, "passed": true}, "1": {"execution_time": 0.16356277465820312, "passed": true}, "2": {"execution_time": 0.1618514060974121, "passed": true}, "3": {"execution_time": 0.21143770217895508, "passed": true}, "4": {"execution_time": 0.1575305461883545, "passed": true}, "5": {"execution_time": 0.18350982666015625, "passed": true}, "6": {"execution_time": 0.20545196533203125, "passed": true}, "7": {"execution_time": 0.1446976661682129, "passed": true}, "8": {"execution_time": 0.19722986221313477, "passed": true}, "9": {"execution_time": 0.21666789054870605, "passed": true}, "10": {"execution_time": 0.21749401092529297, "passed": true}, "11": {"execution_time": 0.20061612129211426, "passed": true}, "12": {"execution_time": 0.202362060546875, "passed": true}, "13": {"execution_time": 0.1739490032196045, "passed": true}, "14": {"execution_time": 0.25498342514038086, "passed": true}, "15": {"execution_time": 0.1718449592590332, "passed": true}, "16": {"execution_time": 0.19118785858154297, "passed": true}, "17": {"execution_time": 0.18478035926818848, "passed": true}, "18": {"execution_time": 0.2299656867980957, "passed": true}, "19": {"execution_time": 0.19483709335327148, "passed": true}, "20": {"execution_time": 0.23138952255249023, "passed": true}, "21": {"execution_time": 0.18621301651000977, "passed": true}, "22": {"execution_time": 0.32196855545043945, "passed": true}, "23": {"execution_time": 0.32097673416137695, "passed": true}}}, "check_style_score": "1/1"}