{"version": "1", "message": "ERROR: Hidden Testcases server unreachable.", "problem_id": "ads2_m2_a1_1", "user_id": "BhavaniChoudary", "score": {"sample": {"0": {"execution_time": 0.33251357078552246, "passed": true}, "1": {"execution_time": 0.29361748695373535, "passed": true}, "2": {"execution_time": 0.2878146171569824, "passed": true}, "3": {"execution_time": 0.28583383560180664, "passed": true}, "4": {"execution_time": 0.34276580810546875, "passed": true}, "5": {"execution_time": 0.2913980484008789, "passed": true}, "6": {"execution_time": 0.3045229911804199, "passed": true}, "7": {"execution_time": 0.31935858726501465, "passed": true}, "8": {"execution_time": 0.18052029609680176, "passed": true}, "9": {"execution_time": 0.17838215827941895, "passed": true}, "10": {"execution_time": 0.21137142181396484, "passed": true}, "11": {"execution_time": 0.1760120391845703, "passed": true}, "12": {"execution_time": 0.19982433319091797, "passed": true}, "13": {"execution_time": 0.20780706405639648, "passed": true}, "14": {"execution_time": 0.2107410430908203, "passed": true}, "15": {"execution_time": 0.19679594039916992, "passed": true}, "16": {"execution_time": 0.21356749534606934, "passed": true}, "17": {"execution_time": 0.19801592826843262, "passed": true}, "18": {"execution_time": 0.22913002967834473, "passed": true}, "19": {"execution_time": 0.22852587699890137, "passed": true}, "20": {"execution_time": 0.25490760803222656, "passed": true}, "21": {"execution_time": 0.20457053184509277, "passed": true}, "22": {"execution_time": 0.3772437572479248, "passed": true}, "23": {"execution_time": 0.3302500247955322, "passed": true}}}, "check_style_score": "1/1"}