{"version": "1", "message": "ERROR: Hidden Testcases server unreachable.", "problem_id": "ads2_m2_a1_1", "user_id": "BhavaniChoudary", "score": {"sample": {"0": {"execution_time": 0.1940469741821289, "passed": true}, "1": {"execution_time": 0.4413294792175293, "passed": true}, "2": {"execution_time": 0.19254279136657715, "passed": true}, "3": {"execution_time": 0.16917014122009277, "passed": true}, "4": {"execution_time": 0.2499086856842041, "passed": true}, "5": {"execution_time": 0.2021620273590088, "passed": true}, "6": {"execution_time": 0.1943209171295166, "passed": true}, "7": {"execution_time": 0.1844785213470459, "passed": true}, "8": {"execution_time": 0.20271944999694824, "passed": true}, "9": {"execution_time": 0.27276611328125, "passed": true}, "10": {"execution_time": 0.22979736328125, "passed": true}, "11": {"execution_time": 0.1863689422607422, "passed": true}, "12": {"execution_time": 0.30523061752319336, "passed": true}, "13": {"execution_time": 0.2069995403289795, "passed": true}, "14": {"execution_time": 0.21993112564086914, "passed": true}, "15": {"execution_time": 0.2291262149810791, "passed": true}, "16": {"execution_time": 0.24381160736083984, "passed": true}, "17": {"execution_time": 0.2557361125946045, "passed": true}, "18": {"execution_time": 0.216627836227417, "passed": true}, "19": {"execution_time": 0.22246217727661133, "passed": true}, "20": {"execution_time": 0.2268071174621582, "passed": true}, "21": {"execution_time": 0.17494630813598633, "passed": true}, "22": {"execution_time": 0.39730215072631836, "passed": true}, "23": {"execution_time": 0.4354276657104492, "passed": true}}}, "check_style_score": "0/1"}