{"version": "1", "message": "ERROR: Hidden Testcases server unreachable.", "problem_id": "ads2_m2_a1_1", "user_id": "BhavaniChoudary", "score": {"sample": {"0": {"execution_time": 0.30996131896972656, "passed": true}, "1": {"execution_time": 0.3115673065185547, "passed": true}, "2": {"execution_time": 0.17220711708068848, "passed": true}, "3": {"execution_time": 0.4403805732727051, "passed": true}, "4": {"execution_time": 0.35663557052612305, "passed": true}, "5": {"execution_time": 0.36510229110717773, "passed": true}, "6": {"execution_time": 0.309326171875, "passed": true}, "7": {"execution_time": 0.2531101703643799, "passed": true}, "8": {"execution_time": 0.24831175804138184, "passed": true}, "9": {"execution_time": 0.3247995376586914, "passed": true}, "10": {"execution_time": 0.41872525215148926, "passed": true}, "11": {"execution_time": 0.3439137935638428, "passed": true}, "12": {"execution_time": 0.3538699150085449, "passed": true}, "13": {"execution_time": 0.38745737075805664, "passed": true}, "14": {"execution_time": 0.3813028335571289, "passed": true}, "15": {"execution_time": 0.44384765625, "passed": true}, "16": {"execution_time": 0.32633185386657715, "passed": true}, "17": {"execution_time": 0.38716626167297363, "passed": true}, "18": {"execution_time": 0.3809225559234619, "passed": true}, "19": {"execution_time": 0.3724493980407715, "passed": true}, "20": {"execution_time": 0.3954939842224121, "passed": true}, "21": {"execution_time": 0.31237125396728516, "passed": true}, "22": {"execution_time": 0.5889630317687988, "passed": true}, "23": {"execution_time": 0.6199238300323486, "passed": true}}}, "check_style_score": "1/1"}