{"version": "1", "message": "ERROR: Hidden Testcases server unreachable.", "problem_id": "ads2_m2_a1_1", "user_id": "BhavaniChoudary", "score": {"sample": {"0": {"execution_time": 0.32321906089782715, "passed": true}, "1": {"execution_time": 0.29290080070495605, "passed": true}, "2": {"execution_time": 0.29644775390625, "passed": true}, "3": {"execution_time": 0.293994665145874, "passed": true}, "4": {"execution_time": 0.2898430824279785, "passed": true}, "5": {"execution_time": 0.27034425735473633, "passed": true}, "6": {"execution_time": 0.3218040466308594, "passed": true}, "7": {"execution_time": 0.33668994903564453, "passed": true}, "8": {"execution_time": 0.28499674797058105, "passed": true}, "9": {"execution_time": 0.26692914962768555, "passed": true}, "10": {"execution_time": 0.32082486152648926, "passed": true}, "11": {"execution_time": 0.28743648529052734, "passed": true}, "12": {"execution_time": 0.3006281852722168, "passed": true}, "13": {"execution_time": 0.3376610279083252, "passed": true}, "14": {"execution_time": 0.3079519271850586, "passed": true}, "15": {"execution_time": 0.3203117847442627, "passed": true}, "16": {"execution_time": 0.315432071685791, "passed": true}, "17": {"execution_time": 0.3669447898864746, "passed": true}, "18": {"execution_time": 0.38974857330322266, "passed": true}, "19": {"execution_time": 0.3401615619659424, "passed": true}, "20": {"execution_time": 0.40179896354675293, "passed": true}, "21": {"execution_time": 0.32009100914001465, "passed": true}, "22": {"execution_time": 0.568150520324707, "passed": true}, "23": {"execution_time": 0.56510329246521, "passed": true}}}, "check_style_score": "1/1"}