{"version": "1", "message": "ERROR: Hidden Testcases server unreachable.", "problem_id": "ads2_m2_a1_1", "user_id": "BhavaniChoudary", "score": {"sample": {"0": {"execution_time": 0.22149419784545898, "passed": true}, "1": {"execution_time": 0.15080046653747559, "passed": true}, "2": {"execution_time": 0.16574716567993164, "passed": true}, "3": {"execution_time": 0.14092421531677246, "passed": true}, "4": {"execution_time": 0.14407587051391602, "passed": true}, "5": {"execution_time": 0.16637754440307617, "passed": true}, "6": {"execution_time": 0.15417242050170898, "passed": true}, "7": {"execution_time": 0.15241456031799316, "passed": true}, "8": {"execution_time": 0.1499326229095459, "passed": true}, "9": {"execution_time": 0.15179800987243652, "passed": true}, "10": {"execution_time": 0.16547822952270508, "passed": true}, "11": {"execution_time": 0.1538388729095459, "passed": true}, "12": {"execution_time": 0.15657782554626465, "passed": true}, "13": {"execution_time": 0.13573265075683594, "passed": true}, "14": {"execution_time": 0.14862346649169922, "passed": true}, "15": {"execution_time": 0.1635291576385498, "passed": true}, "16": {"execution_time": 0.19753146171569824, "passed": true}, "17": {"execution_time": 0.21711516380310059, "passed": true}, "18": {"execution_time": 0.20231151580810547, "passed": true}, "19": {"execution_time": 0.2189631462097168, "passed": true}, "20": {"execution_time": 0.2329576015472412, "passed": true}, "21": {"execution_time": 0.1734004020690918, "passed": true}, "22": {"execution_time": 0.39218854904174805, "passed": true}, "23": {"execution_time": 0.3767249584197998, "passed": true}}}, "check_style_score": "1/1"}