{"version": "1", "message": "ERROR: Hidden Testcases server unreachable.", "problem_id": "ads2_m2_a1_1", "user_id": "BhavaniChoudary", "score": {"sample": {"0": {"execution_time": 0.39624667167663574, "passed": true}, "1": {"execution_time": 0.3021266460418701, "passed": true}, "2": {"execution_time": 0.2231459617614746, "passed": true}, "3": {"execution_time": 0.35608911514282227, "passed": true}, "4": {"execution_time": 0.3296654224395752, "passed": true}, "5": {"execution_time": 0.3486177921295166, "passed": true}, "6": {"execution_time": 0.33643412590026855, "passed": true}, "7": {"execution_time": 0.3535792827606201, "passed": true}, "8": {"execution_time": 0.34718847274780273, "passed": true}, "9": {"execution_time": 0.3542358875274658, "passed": true}, "10": {"execution_time": 0.4702625274658203, "passed": true}, "11": {"execution_time": 0.40204668045043945, "passed": true}, "12": {"execution_time": 0.4543755054473877, "passed": true}, "13": {"execution_time": 0.4809300899505615, "passed": true}, "14": {"execution_time": 0.3269479274749756, "passed": true}, "15": {"execution_time": 0.3704183101654053, "passed": true}, "16": {"execution_time": 0.37027525901794434, "passed": true}, "17": {"execution_time": 0.4237089157104492, "passed": true}, "18": {"execution_time": 0.43260908126831055, "passed": true}, "19": {"execution_time": 0.43312811851501465, "passed": true}, "20": {"execution_time": 0.46189117431640625, "passed": true}, "21": {"execution_time": 0.3444969654083252, "passed": true}, "22": {"execution_time": 0.7444603443145752, "passed": true}, "23": {"execution_time": 0.628026008605957, "passed": true}}}, "check_style_score": "1/1"}